subset,unit_number,last_observed_cycle,actual_rul,predicted_rul,engine_id,prediction_error,risk_level,actual_risk_level,risk_match,recommended_action
FD002,124,149,7,0.0,FD002-124,-7.0,critical,critical,True,urgent maintenance
FD004,101,166,13,0.0,FD004-101,-13.0,critical,critical,True,urgent maintenance
FD004,174,135,10,0.0,FD004-174,-10.0,critical,critical,True,urgent maintenance
FD004,22,158,11,0.018288478,FD004-22,-10.981711521744728,critical,critical,True,urgent maintenance
FD002,90,163,8,0.42632002,FD002-90,-7.573679983615875,critical,critical,True,urgent maintenance
FD002,134,186,9,1.3818583,FD002-134,-7.6181416511535645,critical,critical,True,urgent maintenance
FD004,71,292,15,1.7188176,FD004-71,-13.281182408332825,critical,critical,True,urgent maintenance
FD004,173,151,8,3.4088247,FD004-173,-4.591175317764282,critical,critical,True,urgent maintenance
FD002,177,191,6,3.7377386,FD002-177,-2.262261390686035,critical,critical,True,urgent maintenance
FD002,9,161,11,3.9202917,FD002-9,-7.0797083377838135,critical,critical,True,urgent maintenance
FD003,82,194,6,4.0188594,FD003-82,-1.9811406135559082,critical,critical,True,urgent maintenance
FD004,159,160,22,4.9391813,FD004-159,-17.060818672180176,critical,critical,True,urgent maintenance
FD002,210,182,8,5.101436,FD002-210,-2.898563861846924,critical,critical,True,urgent maintenance
FD002,138,200,7,5.2807837,FD002-138,-1.7192163467407227,critical,critical,True,urgent maintenance
FD001,34,203,7,5.3517714,FD001-34,-1.648228645324707,critical,critical,True,urgent maintenance
FD004,155,161,7,5.3685374,FD004-155,-1.631462574005127,critical,critical,True,urgent maintenance
FD002,231,187,8,5.753367,FD002-231,-2.2466330528259277,critical,critical,True,urgent maintenance
FD002,50,164,13,6.081049,FD002-50,-6.918951034545898,critical,critical,True,urgent maintenance
FD001,76,205,10,6.1419168,FD001-76,-3.8580832481384277,critical,critical,True,urgent maintenance
FD002,22,159,10,6.1718554,FD002-22,-3.8281445503234863,critical,critical,True,urgent maintenance
FD002,186,166,10,6.268015,FD002-186,-3.731985092163086,critical,critical,True,urgent maintenance
FD004,12,270,7,6.3137393,FD004-12,-0.6862607002258301,critical,critical,True,urgent maintenance
FD001,41,123,18,6.534552,FD001-41,-11.465447902679443,critical,critical,True,urgent maintenance
FD002,111,131,9,6.721259,FD002-111,-2.278740882873535,critical,critical,True,urgent maintenance
FD002,44,164,6,6.876295,FD002-44,0.8762950897216797,critical,critical,True,urgent maintenance
FD002,148,157,11,7.156424,FD002-148,-3.843575954437256,critical,critical,True,urgent maintenance
FD004,238,177,16,7.306359,FD004-238,-8.693641185760498,critical,critical,True,urgent maintenance
FD002,45,195,15,7.4207926,FD002-45,-7.579207420349121,critical,critical,True,urgent maintenance
FD003,26,130,11,7.512901,FD003-26,-3.4870991706848145,critical,critical,True,urgent maintenance
FD004,58,185,8,7.840016,FD004-58,-0.15998411178588867,critical,critical,True,urgent maintenance
FD004,103,145,9,8.086482,FD004-103,-0.913517951965332,critical,critical,True,urgent maintenance
FD002,14,160,11,8.384943,FD002-14,-2.6150569915771484,critical,critical,True,urgent maintenance
FD003,94,333,10,8.521677,FD003-94,-1.478322982788086,critical,critical,True,urgent maintenance
FD004,8,248,14,8.760218,FD004-8,-5.239782333374023,critical,critical,True,urgent maintenance
FD002,102,122,8,8.824521,FD002-102,0.8245210647583008,critical,critical,True,urgent maintenance
FD002,11,162,6,8.84426,FD002-11,2.8442602157592773,critical,critical,True,urgent maintenance
FD002,164,199,14,8.895187,FD002-164,-5.1048126220703125,critical,critical,True,urgent maintenance
FD003,46,180,7,8.918881,FD003-46,1.9188814163208008,critical,critical,True,urgent maintenance
FD002,211,155,6,9.113601,FD002-211,3.113600730895996,critical,critical,True,urgent maintenance
FD003,39,310,8,9.438299,FD003-39,1.4382991790771484,critical,critical,True,urgent maintenance
FD003,24,475,9,9.443213,FD003-24,0.44321346282958984,critical,critical,True,urgent maintenance
FD002,5,148,15,9.448298,FD002-5,-5.551701545715332,critical,critical,True,urgent maintenance
FD001,68,187,8,9.473003,FD001-68,1.4730033874511719,critical,critical,True,urgent maintenance
FD002,252,249,12,9.490038,FD002-252,-2.5099620819091797,critical,critical,True,urgent maintenance
FD002,100,149,14,9.674418,FD002-100,-4.3255815505981445,critical,critical,True,urgent maintenance
FD002,245,265,16,9.898507,FD002-245,-6.101492881774902,critical,critical,True,urgent maintenance
FD003,99,289,8,9.965904,FD003-99,1.9659042358398438,critical,critical,True,urgent maintenance
FD002,91,278,9,10.2019005,FD002-91,1.2019004821777344,critical,critical,True,urgent maintenance
FD002,159,187,9,10.282751,FD002-159,1.2827510833740234,critical,critical,True,urgent maintenance
FD001,81,213,8,10.32309,FD001-81,2.323089599609375,critical,critical,True,urgent maintenance
FD001,35,198,11,10.326776,FD001-35,-0.6732244491577148,critical,critical,True,urgent maintenance
FD004,202,222,13,10.431821,FD004-202,-2.568179130554199,critical,critical,True,urgent maintenance
FD001,56,136,15,10.664936,FD001-56,-4.335063934326172,critical,critical,True,urgent maintenance
FD001,31,196,8,11.060472,FD001-31,3.060471534729004,critical,critical,True,urgent maintenance
FD002,1,258,18,11.074546,FD002-1,-6.925454139709473,critical,critical,True,urgent maintenance
FD004,100,196,7,11.084718,FD004-100,4.084717750549316,critical,critical,True,urgent maintenance
FD002,227,180,14,11.201622,FD002-227,-2.7983779907226562,critical,critical,True,urgent maintenance
FD001,42,156,10,11.329689,FD001-42,1.3296890258789062,critical,critical,True,urgent maintenance
FD002,103,186,8,11.413854,FD002-103,3.413853645324707,critical,critical,True,urgent maintenance
FD001,82,162,9,11.770814,FD001-82,2.7708139419555664,critical,critical,True,urgent maintenance
FD004,135,435,7,12.027436,FD004-135,5.027436256408691,critical,critical,True,urgent maintenance
FD001,66,147,14,12.064644,FD001-66,-1.9353561401367188,critical,critical,True,urgent maintenance
FD003,81,155,15,12.079003,FD003-81,-2.92099666595459,critical,critical,True,urgent maintenance
FD002,185,254,19,12.155469,FD002-185,-6.844531059265137,critical,critical,True,urgent maintenance
FD004,158,171,6,12.1842575,FD004-158,6.184257507324219,critical,critical,True,urgent maintenance
FD002,158,171,15,12.288816,FD002-158,-2.711183547973633,critical,critical,True,urgent maintenance
FD003,50,147,11,12.322024,FD003-50,1.3220243453979492,critical,critical,True,urgent maintenance
FD004,179,262,12,12.940601,FD004-179,0.9406013488769531,critical,critical,True,urgent maintenance
FD001,37,121,21,12.95613,FD001-37,-8.043869972229004,critical,critical,True,urgent maintenance
FD002,161,174,13,12.959338,FD002-161,-0.04066181182861328,critical,critical,True,urgent maintenance
FD004,113,132,13,13.085735,FD004-113,0.08573532104492188,critical,critical,True,urgent maintenance
FD001,20,184,16,13.111915,FD001-20,-2.88808536529541,critical,critical,True,urgent maintenance
FD002,65,367,11,13.474421,FD002-65,2.4744205474853516,critical,critical,True,urgent maintenance
FD004,184,154,10,13.78306,FD004-184,3.783060073852539,critical,critical,True,urgent maintenance
FD002,99,163,9,13.915507,FD002-99,4.9155073165893555,critical,critical,True,urgent maintenance
FD004,209,171,11,13.932055,FD004-209,2.9320554733276367,critical,critical,True,urgent maintenance
FD002,70,264,17,14.068722,FD002-70,-2.9312782287597656,critical,critical,True,urgent maintenance
FD004,118,178,8,14.097152,FD004-118,6.097151756286621,critical,critical,True,urgent maintenance
FD003,92,266,14,14.131873,FD003-92,0.13187313079833984,critical,critical,True,urgent maintenance
FD002,64,233,14,14.780498,FD002-64,0.7804975509643555,critical,critical,True,urgent maintenance
FD004,194,214,15,15.069528,FD004-194,0.06952762603759766,critical,critical,True,urgent maintenance
FD002,116,171,7,15.50467,FD002-116,8.504670143127441,critical,critical,True,urgent maintenance
FD004,216,264,17,15.526481,FD004-216,-1.4735193252563477,critical,critical,True,urgent maintenance
FD004,213,288,14,16.237347,FD004-213,2.237346649169922,critical,critical,True,urgent maintenance
FD002,225,166,11,16.432938,FD002-225,5.4329376220703125,critical,critical,True,urgent maintenance
FD002,242,194,17,16.441172,FD002-242,-0.5588283538818359,critical,critical,True,urgent maintenance
FD002,250,234,23,16.465487,FD002-250,-6.534513473510742,critical,critical,True,urgent maintenance
FD002,7,184,6,16.95362,FD002-7,10.953620910644531,critical,critical,True,urgent maintenance
FD004,65,186,12,17.24573,FD004-65,5.245729446411133,critical,critical,True,urgent maintenance
FD001,92,150,20,17.276548,FD001-92,-2.723451614379883,critical,critical,True,urgent maintenance
FD003,79,170,18,17.315418,FD003-79,-0.6845817565917969,critical,critical,True,urgent maintenance
FD001,61,159,21,17.341274,FD001-61,-3.6587257385253906,critical,critical,True,urgent maintenance
FD002,146,144,10,17.47845,FD002-146,7.478450775146484,critical,critical,True,urgent maintenance
FD003,21,263,18,17.582212,FD003-21,-0.4177875518798828,critical,critical,True,urgent maintenance
FD002,173,117,14,17.634363,FD002-173,3.6343631744384766,critical,critical,True,urgent maintenance
FD001,49,303,21,17.814152,FD001-49,-3.1858482360839844,critical,critical,True,urgent maintenance
FD001,24,186,20,18.071413,FD001-24,-1.9285869598388672,critical,critical,True,urgent maintenance
FD002,32,170,11,18.518845,FD002-32,7.5188446044921875,critical,critical,True,urgent maintenance
FD004,237,221,18,18.521086,FD004-237,0.5210857391357422,critical,critical,True,urgent maintenance
FD004,31,134,6,18.853409,FD004-31,12.853408813476562,critical,critical,True,urgent maintenance
FD002,84,204,17,18.922564,FD002-84,1.9225635528564453,critical,critical,True,urgent maintenance
FD002,208,166,8,19.209206,FD002-208,11.209205627441406,critical,critical,True,urgent maintenance
FD004,111,342,18,19.3108,FD004-111,1.310800552368164,critical,critical,True,urgent maintenance
FD001,100,198,20,19.49181,FD001-100,-0.5081901550292969,critical,critical,True,urgent maintenance
FD004,224,152,14,19.62418,FD004-224,5.624179840087891,critical,critical,True,urgent maintenance
FD002,190,158,12,19.759626,FD002-190,7.759626388549805,critical,critical,True,urgent maintenance
FD003,86,174,25,20.05296,FD003-86,-4.947040557861328,critical,critical,True,urgent maintenance
FD004,40,266,10,20.155172,FD004-40,10.155172348022461,critical,critical,True,urgent maintenance
FD002,182,134,14,20.361868,FD002-182,6.361867904663086,critical,critical,True,urgent maintenance
FD001,36,126,19,20.492231,FD001-36,1.4922313690185547,critical,critical,True,urgent maintenance
FD004,114,218,14,20.510527,FD004-114,6.510526657104492,critical,critical,True,urgent maintenance
FD004,183,125,15,20.527214,FD004-183,5.527214050292969,critical,critical,True,urgent maintenance
FD004,198,115,11,20.543655,FD004-198,9.543655395507812,critical,critical,True,urgent maintenance
FD004,102,443,22,20.731714,FD004-102,-1.2682857513427734,critical,critical,True,urgent maintenance
FD002,58,247,26,20.750277,FD002-58,-5.249723434448242,critical,critical,True,urgent maintenance
FD004,69,162,12,20.87305,FD004-69,8.873050689697266,critical,critical,True,urgent maintenance
FD004,181,199,37,21.25085,FD004-181,-15.749149322509766,critical,high,False,urgent maintenance
FD002,87,131,21,21.475668,FD002-87,0.47566795349121094,critical,critical,True,urgent maintenance
FD004,126,220,15,21.784998,FD004-126,6.784997940063477,critical,critical,True,urgent maintenance
FD002,236,274,12,22.0611,FD002-236,10.061100006103516,critical,critical,True,urgent maintenance
FD003,78,279,20,22.53381,FD003-78,2.5338096618652344,critical,critical,True,urgent maintenance
FD002,80,278,15,22.708847,FD002-80,7.7088470458984375,critical,critical,True,urgent maintenance
FD004,15,168,12,22.87666,FD004-15,10.876659393310547,critical,critical,True,urgent maintenance
FD004,177,146,12,22.906008,FD004-177,10.906007766723633,critical,critical,True,urgent maintenance
FD004,82,146,10,23.67558,FD004-82,13.675579071044922,critical,critical,True,urgent maintenance
FD001,90,146,28,24.272709,FD001-90,-3.7272911071777344,critical,critical,True,urgent maintenance
FD002,19,172,22,25.026808,FD002-19,3.0268077850341797,critical,critical,True,urgent maintenance
FD002,179,156,35,25.055273,FD002-179,-9.944726943969727,critical,high,False,urgent maintenance
FD003,64,271,28,25.282156,FD003-64,-2.717844009399414,critical,critical,True,urgent maintenance
FD002,97,213,31,25.419538,FD002-97,-5.580461502075195,critical,high,False,urgent maintenance
FD003,76,180,27,25.60514,FD003-76,-1.3948593139648438,critical,critical,True,urgent maintenance
FD003,98,182,17,25.61949,FD003-98,8.619489669799805,critical,critical,True,urgent maintenance
FD002,42,137,27,25.90848,FD002-42,-1.0915203094482422,critical,critical,True,urgent maintenance
FD002,43,184,18,25.974108,FD002-43,7.97410774230957,critical,critical,True,urgent maintenance
FD004,116,161,13,26.02912,FD004-116,13.029119491577148,critical,critical,True,urgent maintenance
FD002,176,200,23,26.317785,FD002-176,3.3177852630615234,critical,critical,True,urgent maintenance
FD001,18,133,28,26.442034,FD001-18,-1.5579662322998047,critical,critical,True,urgent maintenance
FD004,49,273,24,26.80386,FD004-49,2.8038597106933594,critical,critical,True,urgent maintenance
FD004,42,200,30,27.277426,FD004-42,-2.722574234008789,critical,critical,True,urgent maintenance
FD004,172,132,12,27.493038,FD004-172,15.493038177490234,critical,critical,True,urgent maintenance
FD002,48,132,13,28.296947,FD002-48,15.296947479248047,critical,critical,True,urgent maintenance
FD004,151,285,31,28.323038,FD004-151,-2.676961898803711,critical,high,False,urgent maintenance
FD002,192,161,13,28.367985,FD002-192,15.367984771728516,critical,critical,True,urgent maintenance
FD004,180,367,32,28.575813,FD004-180,-3.4241867065429688,critical,high,False,urgent maintenance
FD003,100,247,28,28.762665,FD003-100,0.762664794921875,critical,critical,True,urgent maintenance
FD004,231,230,33,28.861156,FD004-231,-4.138843536376953,critical,high,False,urgent maintenance
FD004,32,260,22,28.870197,FD004-32,6.870197296142578,critical,critical,True,urgent maintenance
FD002,120,160,15,29.004215,FD002-120,14.004215240478516,critical,critical,True,urgent maintenance
FD002,109,144,35,29.985035,FD002-109,-5.014965057373047,critical,high,False,urgent maintenance
FD004,123,236,23,30.564016,FD004-123,7.564016342163086,high,critical,False,schedule maintenance
FD004,38,125,11,30.992659,FD004-38,19.992658615112305,high,critical,False,schedule maintenance
FD002,76,222,36,31.007856,FD002-76,-4.992143630981445,high,high,True,schedule maintenance
FD003,14,169,31,31.01054,FD003-14,0.010540008544921875,high,high,True,schedule maintenance
FD003,38,133,22,31.160154,FD003-38,9.160154342651367,high,critical,False,schedule maintenance
FD004,248,281,26,31.253197,FD004-248,5.253196716308594,high,critical,False,schedule maintenance
FD004,235,362,24,31.488993,FD004-235,7.488992691040039,high,critical,False,schedule maintenance
FD002,171,243,36,31.609861,FD002-171,-4.390138626098633,high,high,True,schedule maintenance
FD001,52,189,29,31.906576,FD001-52,2.906576156616211,high,critical,False,schedule maintenance
FD004,222,178,39,32.885647,FD004-222,-6.114353179931641,high,high,True,schedule maintenance
FD003,3,234,27,32.9203,FD003-3,5.920299530029297,high,critical,False,schedule maintenance
FD001,64,168,28,33.07836,FD001-64,5.078361511230469,high,critical,False,schedule maintenance
FD004,47,224,34,33.289345,FD004-47,-0.7106552124023438,high,high,True,schedule maintenance
FD004,35,278,36,33.70258,FD004-35,-2.2974205017089844,high,high,True,schedule maintenance
FD002,15,165,37,33.87322,FD002-15,-3.126781463623047,high,high,True,schedule maintenance
FD002,52,165,53,34.65278,FD002-52,-18.34722137451172,high,high,True,schedule maintenance
FD002,62,205,39,34.926144,FD002-62,-4.073856353759766,high,high,True,schedule maintenance
FD001,40,133,28,34.95542,FD001-40,6.955421447753906,high,critical,False,schedule maintenance
FD004,62,240,33,35.078266,FD004-62,2.078266143798828,high,high,True,schedule maintenance
FD003,71,367,35,35.516254,FD003-71,0.5162544250488281,high,high,True,schedule maintenance
FD004,1,230,22,35.73915,FD004-1,13.739151000976562,high,critical,False,schedule maintenance
FD001,91,234,38,35.794613,FD001-91,-2.2053871154785156,high,high,True,schedule maintenance
FD001,53,164,26,35.894577,FD001-53,9.894577026367188,high,critical,False,schedule maintenance
FD004,121,194,41,36.018124,FD004-121,-4.981876373291016,high,high,True,schedule maintenance
FD002,33,135,53,37.220425,FD002-33,-15.77957534790039,high,high,True,schedule maintenance
FD002,237,235,62,37.84106,FD002-237,-24.158939361572266,high,medium,False,schedule maintenance
FD002,41,210,44,37.880074,FD002-41,-6.119926452636719,high,high,True,schedule maintenance
FD002,39,149,48,38.50304,FD002-39,-9.496959686279297,high,high,True,schedule maintenance
FD004,240,204,98,38.705933,FD004-240,-59.2940673828125,high,low,False,schedule maintenance
FD004,73,149,23,38.849407,FD004-73,15.849407196044922,high,critical,False,schedule maintenance
FD003,75,191,45,39.482994,FD003-75,-5.517005920410156,high,high,True,schedule maintenance
FD002,150,196,34,39.845936,FD002-150,5.845935821533203,high,high,True,schedule maintenance
FD003,89,120,41,40.460613,FD003-89,-0.5393867492675781,high,high,True,schedule maintenance
FD001,77,162,34,40.50636,FD001-77,6.506359100341797,high,high,True,schedule maintenance
FD002,209,131,23,40.6622,FD002-209,17.662200927734375,high,critical,False,schedule maintenance
FD002,53,149,52,41.124588,FD002-53,-10.875411987304688,high,high,True,schedule maintenance
FD004,244,184,35,41.798183,FD004-244,6.798183441162109,high,high,True,schedule maintenance
FD002,181,199,68,41.829334,FD002-181,-26.170665740966797,high,medium,False,schedule maintenance
FD002,107,132,61,41.941265,FD002-107,-19.058734893798828,high,medium,False,schedule maintenance
FD003,40,313,41,43.196438,FD003-40,2.1964378356933594,high,high,True,schedule maintenance
FD004,150,202,57,43.611553,FD004-150,-13.388446807861328,high,high,True,schedule maintenance
FD002,206,162,48,44.137295,FD002-206,-3.8627052307128906,high,high,True,schedule maintenance
FD004,61,396,51,44.16413,FD004-61,-6.835868835449219,high,high,True,schedule maintenance
FD004,70,190,33,44.229256,FD004-70,11.229255676269531,high,high,True,schedule maintenance
FD001,46,146,47,44.419197,FD001-46,-2.5808029174804688,high,high,True,schedule maintenance
FD004,99,237,37,44.823017,FD004-99,7.823017120361328,high,high,True,schedule maintenance
FD002,40,183,37,45.46032,FD002-40,8.460319519042969,high,high,True,schedule maintenance
FD002,115,210,91,45.47542,FD002-115,-45.52457809448242,high,low,False,schedule maintenance
FD003,1,233,44,46.096355,FD003-1,2.096355438232422,high,high,True,schedule maintenance
FD003,59,149,49,46.399567,FD003-59,-2.600433349609375,high,high,True,schedule maintenance
FD004,68,241,46,46.511158,FD004-68,0.5111579895019531,high,high,True,schedule maintenance
FD004,86,254,70,46.697956,FD004-86,-23.302043914794922,high,medium,False,schedule maintenance
FD002,189,178,43,46.89755,FD002-189,3.8975486755371094,high,high,True,schedule maintenance
FD001,58,176,37,47.019012,FD001-58,10.019012451171875,high,high,True,schedule maintenance
FD004,25,486,39,47.0234,FD004-25,8.023399353027344,high,high,True,schedule maintenance
FD004,223,305,58,47.03381,FD004-223,-10.966190338134766,high,high,True,schedule maintenance
FD001,62,232,54,47.094547,FD001-62,-6.905452728271484,high,high,True,schedule maintenance
FD002,68,218,56,47.157196,FD002-68,-8.842803955078125,high,high,True,schedule maintenance
FD001,32,145,48,47.668728,FD001-32,-0.3312721252441406,high,high,True,schedule maintenance
FD002,133,186,38,47.82751,FD002-133,9.827510833740234,high,high,True,schedule maintenance
FD002,142,163,47,47.882195,FD002-142,0.8821945190429688,high,high,True,schedule maintenance
FD004,219,110,41,48.114704,FD004-219,7.114704132080078,high,high,True,schedule maintenance
FD002,144,143,43,48.179962,FD002-144,5.179962158203125,high,high,True,schedule maintenance
FD001,38,125,50,48.321835,FD001-38,-1.6781654357910156,high,high,True,schedule maintenance
FD004,197,196,36,48.66775,FD004-197,12.66775131225586,high,high,True,schedule maintenance
FD002,63,174,39,48.85569,FD002-63,9.855690002441406,high,high,True,schedule maintenance
FD001,94,133,55,49.051353,FD001-94,-5.948646545410156,high,high,True,schedule maintenance
FD004,2,153,39,49.182014,FD004-2,10.182014465332031,high,high,True,schedule maintenance
FD003,32,120,55,49.735302,FD003-32,-5.264698028564453,high,high,True,schedule maintenance
FD004,91,144,50,49.939518,FD004-91,-0.060482025146484375,high,high,True,schedule maintenance
FD002,13,164,30,50.158836,FD002-13,20.158836364746094,high,critical,False,schedule maintenance
FD002,193,245,37,50.801056,FD002-193,13.801055908203125,high,high,True,schedule maintenance
FD004,134,266,36,51.012024,FD004-134,15.01202392578125,high,high,True,schedule maintenance
FD004,187,121,24,51.87477,FD004-187,27.874771118164062,high,critical,False,schedule maintenance
FD002,132,122,39,52.304535,FD002-132,13.304534912109375,high,high,True,schedule maintenance
FD004,154,122,34,52.494663,FD004-154,18.49466323852539,high,high,True,schedule maintenance
FD004,143,327,53,52.58942,FD004-143,-0.4105796813964844,high,high,True,schedule maintenance
FD004,64,251,46,52.82621,FD004-64,6.826210021972656,high,high,True,schedule maintenance
FD001,3,126,69,53.06055,FD001-3,-15.939449310302734,high,medium,False,schedule maintenance
FD004,44,406,60,53.9708,FD004-44,-6.029201507568359,high,high,True,schedule maintenance
FD002,127,126,82,54.007874,FD002-127,-27.99212646484375,high,medium,False,schedule maintenance
FD002,38,127,55,54.10699,FD002-38,-0.8930091857910156,high,high,True,schedule maintenance
FD004,217,141,66,54.55136,FD004-217,-11.448638916015625,high,medium,False,schedule maintenance
FD003,58,119,40,54.624092,FD003-58,14.624092102050781,high,high,True,schedule maintenance
FD002,140,306,55,54.762383,FD002-140,-0.23761749267578125,high,high,True,schedule maintenance
FD001,17,165,50,55.06508,FD001-17,5.0650787353515625,high,high,True,schedule maintenance
FD002,96,140,49,55.132187,FD002-96,6.1321868896484375,high,high,True,schedule maintenance
FD003,55,203,55,55.23727,FD003-55,0.23727035522460938,high,high,True,schedule maintenance
FD004,234,179,68,55.442104,FD004-234,-12.55789566040039,high,medium,False,schedule maintenance
FD003,72,232,45,55.841446,FD003-72,10.841445922851562,high,high,True,schedule maintenance
FD002,85,183,47,56.327686,FD002-85,9.327686309814453,high,high,True,schedule maintenance
FD003,2,124,51,56.507042,FD003-2,5.507041931152344,high,high,True,schedule maintenance
FD002,160,124,42,56.567276,FD002-160,14.567276000976562,high,high,True,schedule maintenance
FD004,106,148,107,56.93818,FD004-106,-50.06182098388672,high,low,False,schedule maintenance
FD002,78,128,52,57.353813,FD002-78,5.353813171386719,high,high,True,schedule maintenance
FD002,253,139,43,58.21857,FD002-253,15.218570709228516,high,high,True,schedule maintenance
FD003,90,206,51,58.500206,FD003-90,7.500205993652344,high,high,True,schedule maintenance
FD004,199,177,92,58.65772,FD004-199,-33.342281341552734,high,low,False,schedule maintenance
FD004,185,203,46,58.908146,FD004-185,12.908145904541016,high,high,True,schedule maintenance
FD002,254,131,48,59.030674,FD002-254,11.03067398071289,high,high,True,schedule maintenance
FD003,20,207,56,59.0792,FD003-20,3.0792007446289062,high,high,True,schedule maintenance
FD001,93,244,85,59.542263,FD001-93,-25.45773696899414,high,medium,False,schedule maintenance
FD004,48,214,45,59.795433,FD004-48,14.795433044433594,high,high,True,schedule maintenance
FD003,11,103,77,60.09416,FD003-11,-16.905841827392578,medium,medium,True,inspect soon
FD002,114,153,78,60.297127,FD002-114,-17.70287322998047,medium,medium,True,inspect soon
FD003,9,238,55,60.690468,FD003-9,5.690467834472656,medium,high,False,inspect soon
FD004,13,227,71,61.03479,FD004-13,-9.9652099609375,medium,medium,True,inspect soon
FD002,8,173,90,61.288754,FD002-8,-28.711246490478516,medium,medium,True,inspect soon
FD004,23,162,26,61.782207,FD004-23,35.78220748901367,medium,critical,False,inspect soon
FD003,48,179,55,62.092392,FD003-48,7.0923919677734375,medium,high,False,inspect soon
FD001,72,131,50,62.340996,FD001-72,12.340995788574219,medium,high,False,inspect soon
FD004,67,150,46,62.621536,FD004-67,16.621536254882812,medium,high,False,inspect soon
FD004,37,345,89,62.746464,FD004-37,-26.253536224365234,medium,medium,True,inspect soon
FD004,110,348,59,62.771378,FD004-110,3.7713775634765625,medium,high,False,inspect soon
FD002,139,116,51,62.91807,FD002-139,11.918071746826172,medium,high,False,inspect soon
FD003,8,192,55,63.09747,FD003-8,8.097469329833984,medium,high,False,inspect soon
FD003,62,224,58,63.142063,FD003-62,5.142063140869141,medium,high,False,inspect soon
FD002,60,144,73,64.93956,FD002-60,-8.060440063476562,medium,medium,True,inspect soon
FD002,207,141,85,65.05252,FD002-207,-19.947479248046875,medium,medium,True,inspect soon
FD001,43,172,59,65.52468,FD001-43,6.524681091308594,medium,high,False,inspect soon
FD001,21,148,57,65.67479,FD001-21,8.674789428710938,medium,high,False,inspect soon
FD003,31,152,79,65.69184,FD003-31,-13.308158874511719,medium,medium,True,inspect soon
FD004,190,200,43,66.063255,FD004-190,23.063255310058594,medium,high,False,inspect soon
FD002,195,262,80,66.150406,FD002-195,-13.849594116210938,medium,medium,True,inspect soon
FD002,162,185,41,66.70314,FD002-162,25.703140258789062,medium,high,False,inspect soon
FD001,84,172,58,67.11402,FD001-84,9.114021301269531,medium,high,False,inspect soon
FD003,23,405,78,67.97907,FD003-23,-10.020927429199219,medium,medium,True,inspect soon
FD004,77,108,25,68.16076,FD004-77,43.16075897216797,medium,critical,False,inspect soon
FD002,222,180,75,68.21113,FD002-222,-6.788871765136719,medium,medium,True,inspect soon
FD002,226,165,108,68.305374,FD002-226,-39.69462585449219,medium,low,False,inspect soon
FD001,79,101,63,68.552185,FD001-79,5.55218505859375,medium,medium,True,inspect soon
FD001,27,140,66,69.29612,FD001-27,3.2961196899414062,medium,medium,True,inspect soon
FD003,10,131,66,70.57704,FD003-10,4.5770416259765625,medium,medium,True,inspect soon
FD004,124,230,86,70.8975,FD004-124,-15.102500915527344,medium,medium,True,inspect soon
FD004,90,118,96,70.92749,FD004-90,-25.072509765625,medium,low,False,inspect soon
FD001,13,195,95,71.03492,FD001-13,-23.96508026123047,medium,low,False,inspect soon
FD004,89,285,86,71.29725,FD004-89,-14.702751159667969,medium,medium,True,inspect soon
FD002,198,120,32,71.38097,FD002-198,39.38096618652344,medium,high,False,inspect soon
FD002,112,109,50,71.85293,FD002-112,21.852928161621094,medium,high,False,inspect soon
FD001,98,121,59,72.57568,FD001-98,13.57568359375,medium,high,False,inspect soon
FD004,147,116,56,72.871,FD004-147,16.871002197265625,medium,high,False,inspect soon
FD004,192,203,71,73.66909,FD004-192,2.6690902709960938,medium,medium,True,inspect soon
FD002,232,159,101,74.154724,FD002-232,-26.84527587890625,medium,low,False,inspect soon
FD002,183,150,67,74.66848,FD002-183,7.668479919433594,medium,medium,True,inspect soon
FD002,79,113,91,75.051,FD002-79,-15.948997497558594,medium,low,False,inspect soon
FD004,39,214,151,75.066956,FD004-39,-75.93304443359375,medium,low,False,inspect soon
FD004,119,228,109,75.14979,FD004-119,-33.85021209716797,medium,low,False,inspect soon
FD002,213,159,83,75.39082,FD002-213,-7.6091766357421875,medium,medium,True,inspect soon
FD003,93,158,67,75.422745,FD003-93,8.422744750976562,medium,medium,True,inspect soon
FD001,63,155,72,76.28557,FD001-63,4.2855682373046875,medium,medium,True,inspect soon
FD003,85,118,56,76.42496,FD003-85,20.424957275390625,medium,high,False,inspect soon
FD002,73,151,78,76.84467,FD002-73,-1.1553268432617188,medium,medium,True,inspect soon
FD003,87,218,68,76.94924,FD003-87,8.949241638183594,medium,medium,True,inspect soon
FD004,20,115,82,77.26,FD004-20,-4.739997863769531,medium,medium,True,inspect soon
FD002,36,163,100,77.290016,FD002-36,-22.709983825683594,medium,low,False,inspect soon
FD002,98,113,97,77.305664,FD002-98,-19.6943359375,medium,low,False,inspect soon
FD002,110,219,80,77.968925,FD002-110,-2.0310745239257812,medium,medium,True,inspect soon
FD002,130,141,121,78.11237,FD002-130,-42.88762664794922,medium,low,False,inspect soon
FD003,25,169,58,78.583435,FD003-25,20.58343505859375,medium,high,False,inspect soon
FD004,105,351,100,78.621635,FD004-105,-21.37836456298828,medium,low,False,inspect soon
FD002,24,210,77,79.140785,FD002-24,2.1407852172851562,medium,medium,True,inspect soon
FD002,257,199,56,79.84253,FD002-257,23.842529296875,medium,high,False,inspect soon
FD002,202,124,68,80.04377,FD002-202,12.043769836425781,medium,medium,True,inspect soon
FD002,88,166,79,80.30557,FD002-88,1.305572509765625,medium,medium,True,inspect soon
FD004,145,102,59,80.35248,FD004-145,21.35247802734375,medium,high,False,inspect soon
FD002,137,226,88,80.40312,FD002-137,-7.5968780517578125,medium,medium,True,inspect soon
FD002,104,141,106,80.52194,FD002-104,-25.478057861328125,medium,low,False,inspect soon
FD003,34,105,65,80.56512,FD003-34,15.565116882324219,medium,medium,True,inspect soon
FD001,19,135,87,80.76312,FD001-19,-6.23687744140625,medium,medium,True,inspect soon
FD003,57,158,88,80.89233,FD003-57,-7.107673645019531,medium,medium,True,inspect soon
FD002,30,184,78,81.06566,FD002-30,3.0656585693359375,medium,medium,True,inspect soon
FD003,30,333,89,81.22785,FD003-30,-7.772148132324219,medium,medium,True,inspect soon
FD004,200,115,96,81.497215,FD004-200,-14.502784729003906,medium,low,False,inspect soon
FD001,97,134,82,81.656494,FD001-97,-0.343505859375,medium,medium,True,inspect soon
FD002,248,162,56,81.72614,FD002-248,25.72614288330078,medium,high,False,inspect soon
FD004,27,144,76,81.93257,FD004-27,5.9325714111328125,medium,medium,True,inspect soon
FD004,205,95,154,81.9401,FD004-205,-72.05989837646484,medium,low,False,inspect soon
FD002,75,192,98,81.95724,FD002-75,-16.042762756347656,medium,low,False,inspect soon
FD001,45,152,114,81.964966,FD001-45,-32.0350341796875,medium,low,False,inspect soon
FD002,216,100,81,82.420364,FD002-216,1.4203643798828125,medium,medium,True,inspect soon
FD002,234,147,89,82.43032,FD002-234,-6.569679260253906,medium,medium,True,inspect soon
FD003,16,126,56,82.64737,FD003-16,26.647369384765625,medium,high,False,inspect soon
FD003,42,87,115,82.845955,FD003-42,-32.15404510498047,medium,low,False,inspect soon
FD002,229,109,61,83.171165,FD002-229,22.171165466308594,medium,medium,True,inspect soon
FD002,143,226,81,83.5326,FD002-143,2.5326004028320312,medium,medium,True,inspect soon
FD002,259,123,51,83.76082,FD002-259,32.76081848144531,medium,high,False,inspect soon
FD002,163,144,88,83.80191,FD002-163,-4.198089599609375,medium,medium,True,inspect soon
FD001,86,110,89,84.06016,FD001-86,-4.939842224121094,medium,medium,True,inspect soon
FD003,44,146,69,84.14583,FD003-44,15.145828247070312,medium,medium,True,inspect soon
FD004,3,141,107,84.20562,FD004-3,-22.79438018798828,medium,low,False,inspect soon
FD002,17,264,68,84.28367,FD002-17,16.283668518066406,medium,medium,True,inspect soon
FD002,21,128,97,84.45224,FD002-21,-12.547760009765625,medium,low,False,inspect soon
FD003,77,381,86,84.55729,FD003-77,-1.4427108764648438,medium,medium,True,inspect soon
FD002,212,187,57,84.55906,FD002-212,27.559059143066406,medium,high,False,inspect soon
FD004,171,355,126,84.59718,FD004-171,-41.40281677246094,medium,low,False,inspect soon
FD004,96,123,71,84.75964,FD004-96,13.7596435546875,medium,medium,True,inspect soon
FD002,25,147,88,84.97593,FD002-25,-3.0240707397460938,medium,medium,True,inspect soon
FD001,80,133,90,85.14322,FD001-80,-4.856781005859375,medium,medium,True,inspect soon
FD002,239,106,101,85.29685,FD002-239,-15.703147888183594,medium,low,False,inspect soon
FD003,33,180,71,85.30659,FD003-33,14.306587219238281,medium,medium,True,inspect soon
FD002,129,218,79,85.32586,FD002-129,6.325859069824219,medium,medium,True,inspect soon
FD001,12,217,124,85.45036,FD001-12,-38.54963684082031,medium,low,False,inspect soon
FD003,7,158,71,85.45246,FD003-7,14.452461242675781,medium,medium,True,inspect soon
FD001,4,106,82,85.55429,FD001-4,3.554290771484375,medium,medium,True,inspect soon
FD001,10,192,96,85.63302,FD001-10,-10.366981506347656,medium,low,False,inspect soon
FD004,140,160,146,85.67032,FD004-140,-60.329681396484375,medium,low,False,inspect soon
FD002,128,110,108,85.79057,FD002-128,-22.209426879882812,medium,low,False,inspect soon
FD002,92,123,73,85.80109,FD002-92,12.80108642578125,medium,medium,True,inspect soon
FD002,94,117,97,85.82251,FD002-94,-11.177490234375,medium,low,False,inspect soon
FD004,107,121,41,85.83889,FD004-107,44.838890075683594,medium,high,False,inspect soon
FD004,214,102,89,85.9102,FD004-214,-3.0897979736328125,medium,medium,True,inspect soon
FD004,212,261,76,86.15056,FD004-212,10.150558471679688,medium,medium,True,inspect soon
FD002,153,146,99,86.50829,FD002-153,-12.491706848144531,medium,low,False,inspect soon
FD002,172,128,107,86.68979,FD002-172,-20.310211181640625,medium,low,False,inspect soon
FD002,55,123,103,86.781525,FD002-55,-16.218475341796875,medium,low,False,inspect soon
FD004,210,135,88,87.07093,FD004-210,-0.9290695190429688,medium,medium,True,inspect soon
FD002,151,141,115,87.600006,FD002-151,-27.399993896484375,medium,low,False,inspect soon
FD002,20,101,54,87.637474,FD002-20,33.637474060058594,medium,high,False,inspect soon
FD004,138,239,88,87.80255,FD004-138,-0.19744873046875,medium,medium,True,inspect soon
FD004,175,116,123,87.98,FD004-175,-35.019996643066406,medium,low,False,inspect soon
FD002,82,96,74,88.1896,FD002-82,14.189598083496094,medium,medium,True,inspect soon
FD004,88,140,56,88.378784,FD004-88,32.3787841796875,medium,high,False,inspect soon
FD004,233,111,110,88.44766,FD004-233,-21.552337646484375,medium,low,False,inspect soon
FD002,235,102,190,88.55131,FD002-235,-101.44869232177734,medium,low,False,inspect soon
FD004,9,284,99,88.67081,FD004-9,-10.329193115234375,medium,low,False,inspect soon
FD004,247,94,112,89.07015,FD004-247,-22.929847717285156,medium,low,False,inspect soon
FD002,74,103,86,89.66127,FD002-74,3.6612701416015625,medium,medium,True,inspect soon
FD001,11,83,97,89.80512,FD001-11,-7.194877624511719,medium,low,False,inspect soon
FD002,72,143,104,89.91798,FD002-72,-14.082023620605469,medium,low,False,inspect soon
FD004,201,139,59,89.99565,FD004-201,30.995651245117188,medium,high,False,inspect soon
FD004,78,106,74,90.76607,FD004-78,16.766067504882812,low,medium,False,normal monitoring
FD004,36,159,73,90.98612,FD004-36,17.986122131347656,low,medium,False,normal monitoring
FD003,66,122,87,91.23331,FD003-66,4.233306884765625,low,medium,False,normal monitoring
FD002,168,107,82,91.58025,FD002-168,9.580253601074219,low,medium,False,normal monitoring
FD003,56,162,93,91.61466,FD003-56,-1.3853378295898438,low,low,True,normal monitoring
FD001,57,160,103,91.77056,FD001-57,-11.229438781738281,low,low,True,normal monitoring
FD003,68,188,103,91.96519,FD003-68,-11.034812927246094,low,low,True,normal monitoring
FD004,131,193,101,92.77532,FD004-131,-8.224678039550781,low,low,True,normal monitoring
FD002,16,88,67,92.81592,FD002-16,25.81591796875,low,medium,False,normal monitoring
FD002,35,77,63,92.85231,FD002-35,29.852310180664062,low,medium,False,normal monitoring
FD002,180,154,97,92.92556,FD002-180,-4.074440002441406,low,low,True,normal monitoring
FD004,66,97,133,92.97221,FD004-66,-40.02778625488281,low,low,True,normal monitoring
FD002,3,165,106,93.33398,FD002-3,-12.666023254394531,low,low,True,normal monitoring
FD004,120,170,137,93.47884,FD004-120,-43.521156311035156,low,low,True,normal monitoring
FD004,193,263,104,93.76281,FD004-193,-10.237190246582031,low,low,True,normal monitoring
FD004,18,247,104,94.27821,FD004-18,-9.721786499023438,low,low,True,normal monitoring
FD004,162,99,84,94.29894,FD004-162,10.298942565917969,low,medium,False,normal monitoring
FD001,5,98,91,94.31832,FD001-5,3.3183212280273438,low,low,True,normal monitoring
FD004,149,320,76,94.36416,FD004-149,18.364158630371094,low,medium,False,normal monitoring
FD003,51,118,78,94.69503,FD003-51,16.695030212402344,low,medium,False,normal monitoring
FD002,4,86,110,94.74647,FD002-4,-15.253532409667969,low,low,True,normal monitoring
FD001,8,166,95,94.86363,FD001-8,-0.1363677978515625,low,low,True,normal monitoring
FD002,108,174,168,95.029106,FD002-108,-72.97089385986328,low,low,True,normal monitoring
FD004,43,120,42,95.197365,FD004-43,53.197364807128906,low,high,False,normal monitoring
FD002,166,97,188,95.24541,FD002-166,-92.75459289550781,low,low,True,normal monitoring
FD004,112,88,66,95.335625,FD004-112,29.33562469482422,low,medium,False,normal monitoring
FD001,50,74,79,95.87589,FD001-50,16.875892639160156,low,medium,False,normal monitoring
FD004,242,112,81,96.10773,FD004-242,15.10772705078125,low,medium,False,normal monitoring
FD002,67,146,86,96.13176,FD002-67,10.131759643554688,low,medium,False,normal monitoring
FD004,45,78,85,96.50009,FD004-45,11.500091552734375,low,medium,False,normal monitoring
FD003,53,108,87,96.87956,FD003-53,9.879562377929688,low,medium,False,normal monitoring
FD004,79,184,78,96.88645,FD004-79,18.886451721191406,low,medium,False,normal monitoring
FD001,70,152,94,97.36678,FD001-70,3.3667831420898438,low,low,True,normal monitoring
FD004,221,176,73,97.38527,FD004-221,24.385269165039062,low,medium,False,normal monitoring
FD003,70,84,63,97.584885,FD003-70,34.58488464355469,low,medium,False,normal monitoring
FD004,208,180,91,97.80702,FD004-208,6.8070220947265625,low,low,True,normal monitoring
FD003,5,138,101,97.82529,FD003-5,-3.174713134765625,low,low,True,normal monitoring
FD004,87,167,94,98.2576,FD004-87,4.257598876953125,low,low,True,normal monitoring
FD001,16,113,84,98.32791,FD001-16,14.327911376953125,low,medium,False,normal monitoring
FD004,132,115,116,98.54857,FD004-132,-17.451431274414062,low,low,True,normal monitoring
FD002,238,94,134,98.90381,FD002-238,-35.09619140625,low,low,True,normal monitoring
FD004,24,174,142,98.957924,FD004-24,-43.042076110839844,low,low,True,normal monitoring
FD002,219,161,73,99.076416,FD002-219,26.076416015625,low,medium,False,normal monitoring
FD002,152,90,59,99.46438,FD002-152,40.464378356933594,low,high,False,normal monitoring
FD004,29,216,64,99.5869,FD004-29,35.58689880371094,low,medium,False,normal monitoring
FD004,137,291,159,99.63898,FD004-137,-59.36102294921875,low,low,True,normal monitoring
FD003,84,76,104,99.73056,FD003-84,-4.269439697265625,low,low,True,normal monitoring
FD001,6,105,93,100.546,FD001-6,7.545997619628906,low,low,True,normal monitoring
FD002,191,95,148,100.74146,FD002-191,-47.25853729248047,low,low,True,normal monitoring
FD001,30,143,115,100.74282,FD001-30,-14.257179260253906,low,low,True,normal monitoring
FD004,95,110,171,100.79027,FD004-95,-70.20973205566406,low,low,True,normal monitoring
FD002,156,75,83,101.133705,FD002-156,18.133705139160156,low,medium,False,normal monitoring
FD002,46,132,112,101.217545,FD002-46,-10.782455444335938,low,low,True,normal monitoring
FD002,86,83,194,101.24496,FD002-86,-92.75504302978516,low,low,True,normal monitoring
FD002,136,77,87,101.28135,FD002-136,14.281349182128906,low,medium,False,normal monitoring
FD001,29,171,90,101.43889,FD001-29,11.438888549804688,low,medium,False,normal monitoring
FD002,10,84,79,101.475746,FD002-10,22.475746154785156,low,medium,False,normal monitoring
FD001,74,137,126,101.88686,FD001-74,-24.113136291503906,low,low,True,normal monitoring
FD001,95,89,128,101.93503,FD001-95,-26.064971923828125,low,low,True,normal monitoring
FD004,92,116,73,102.061745,FD004-92,29.061744689941406,low,medium,False,normal monitoring
FD004,17,334,162,102.069305,FD004-17,-59.930694580078125,low,low,True,normal monitoring
FD004,54,81,176,102.35633,FD004-54,-73.64366912841797,low,low,True,normal monitoring
FD002,157,161,171,102.47693,FD002-157,-68.5230712890625,low,low,True,normal monitoring
FD002,29,101,83,102.56046,FD002-29,19.560462951660156,low,medium,False,normal monitoring
FD002,118,97,150,102.597725,FD002-118,-47.40227508544922,low,low,True,normal monitoring
FD002,147,78,92,102.629745,FD002-147,10.629745483398438,low,low,True,normal monitoring
FD004,161,257,82,102.64894,FD004-161,20.648941040039062,low,medium,False,normal monitoring
FD004,153,130,173,102.72937,FD004-153,-70.2706298828125,low,low,True,normal monitoring
FD002,230,125,85,102.74938,FD002-230,17.74938201904297,low,medium,False,normal monitoring
FD004,14,102,105,102.81115,FD004-14,-2.1888504028320312,low,low,True,normal monitoring
FD002,95,78,73,102.84025,FD002-95,29.840248107910156,low,medium,False,normal monitoring
FD002,126,99,124,103.06369,FD002-126,-20.936309814453125,low,low,True,normal monitoring
FD004,236,176,75,103.112724,FD004-236,28.11272430419922,low,medium,False,normal monitoring
FD002,145,142,98,103.13464,FD002-145,5.1346435546875,low,low,True,normal monitoring
FD001,28,158,97,103.20344,FD001-28,6.203437805175781,low,low,True,normal monitoring
FD004,6,146,78,103.239426,FD004-6,25.239425659179688,low,medium,False,normal monitoring
FD003,29,89,124,103.36012,FD003-29,-20.639877319335938,low,low,True,normal monitoring
FD002,203,115,192,103.49253,FD002-203,-88.5074691772461,low,low,True,normal monitoring
FD004,230,157,98,103.501564,FD004-230,5.501564025878906,low,low,True,normal monitoring
FD002,169,80,135,103.56523,FD002-169,-31.434768676757812,low,low,True,normal monitoring
FD004,75,203,124,103.72372,FD004-75,-20.276283264160156,low,low,True,normal monitoring
FD001,51,144,114,103.89808,FD001-51,-10.101921081542969,low,low,True,normal monitoring
FD001,67,71,77,104.35486,FD001-67,27.3548583984375,low,medium,False,normal monitoring
FD004,168,74,87,104.51631,FD004-168,17.516311645507812,low,medium,False,normal monitoring
FD004,130,107,165,104.537964,FD004-130,-60.4620361328125,low,low,True,normal monitoring
FD002,258,98,131,104.57456,FD002-258,-26.425437927246094,low,low,True,normal monitoring
FD003,96,358,113,104.65506,FD003-96,-8.344940185546875,low,low,True,normal monitoring
FD004,80,112,114,104.8243,FD004-80,-9.175697326660156,low,low,True,normal monitoring
FD003,67,186,92,104.85278,FD003-67,12.852783203125,low,low,True,normal monitoring
FD003,73,109,99,105.05657,FD003-73,6.056571960449219,low,low,True,normal monitoring
FD003,35,144,87,105.246254,FD003-35,18.246253967285156,low,medium,False,normal monitoring
FD001,75,88,113,105.40186,FD001-75,-7.598136901855469,low,low,True,normal monitoring
FD004,176,185,103,105.51076,FD004-176,2.5107574462890625,low,low,True,normal monitoring
FD004,26,90,92,105.6029,FD004-26,13.602897644042969,low,low,True,normal monitoring
FD002,47,81,131,105.706505,FD002-47,-25.293495178222656,low,low,True,normal monitoring
FD003,69,105,100,105.79319,FD003-69,5.793190002441406,low,low,True,normal monitoring
FD004,21,202,91,105.858154,FD004-21,14.858154296875,low,low,True,normal monitoring
FD004,163,122,95,106.13237,FD004-163,11.132369995117188,low,low,True,normal monitoring
FD002,188,86,183,106.167015,FD002-188,-76.8329849243164,low,low,True,normal monitoring
FD003,12,146,115,106.168594,FD003-12,-8.831405639648438,low,low,True,normal monitoring
FD004,207,179,116,106.260765,FD004-207,-9.739234924316406,low,low,True,normal monitoring
FD004,56,180,67,106.281555,FD004-56,39.28155517578125,low,medium,False,normal monitoring
FD003,60,112,128,106.48626,FD003-60,-21.51374053955078,low,low,True,normal monitoring
FD004,50,206,86,106.50253,FD004-50,20.502532958984375,low,medium,False,normal monitoring
FD002,119,202,106,106.64593,FD002-119,0.6459274291992188,low,low,True,normal monitoring
FD004,206,291,109,106.646736,FD004-206,-2.3532638549804688,low,low,True,normal monitoring
FD004,117,97,75,106.67775,FD004-117,31.677749633789062,low,medium,False,normal monitoring
FD002,54,74,106,107.02301,FD002-54,1.02301025390625,low,low,True,normal monitoring
FD002,170,85,182,107.37284,FD002-170,-74.62715911865234,low,low,True,normal monitoring
FD002,187,84,158,107.38239,FD002-187,-50.61760711669922,low,low,True,normal monitoring
FD004,148,126,145,107.54258,FD004-148,-37.457420349121094,low,low,True,normal monitoring
FD001,15,76,83,107.54829,FD001-15,24.54828643798828,low,medium,False,normal monitoring
FD003,18,244,132,107.56574,FD003-18,-24.43425750732422,low,low,True,normal monitoring
FD001,7,160,91,107.572876,FD001-7,16.5728759765625,low,low,True,normal monitoring
FD004,160,122,83,107.65132,FD004-160,24.651321411132812,low,medium,False,normal monitoring
FD004,178,279,106,107.78119,FD004-178,1.78118896484375,low,low,True,normal monitoring
FD001,73,112,131,108.35375,FD001-73,-22.64624786376953,low,low,True,normal monitoring
FD004,74,223,89,108.36712,FD004-74,19.36711883544922,low,medium,False,normal monitoring
FD001,48,78,92,108.38091,FD001-48,16.38091278076172,low,low,True,normal monitoring
FD002,61,70,169,108.98761,FD002-61,-60.01239013671875,low,low,True,normal monitoring
FD002,141,69,155,109.01263,FD002-141,-45.98737335205078,low,low,True,normal monitoring
FD002,247,87,148,109.557915,FD002-247,-38.44208526611328,low,low,True,normal monitoring
FD002,49,65,122,109.63135,FD002-49,-12.36865234375,low,low,True,normal monitoring
FD002,196,109,93,109.71001,FD002-196,16.710006713867188,low,low,True,normal monitoring
FD001,60,147,100,109.89772,FD001-60,9.897720336914062,low,low,True,normal monitoring
FD001,71,68,118,109.946465,FD001-71,-8.053535461425781,low,low,True,normal monitoring
FD003,41,101,131,110.01328,FD003-41,-20.986717224121094,low,low,True,normal monitoring
FD004,108,145,153,110.02359,FD004-108,-42.976409912109375,low,low,True,normal monitoring
FD002,93,76,183,110.15981,FD002-93,-72.8401870727539,low,low,True,normal monitoring
FD004,60,135,139,110.32032,FD004-60,-28.67967987060547,low,low,True,normal monitoring
FD002,255,150,122,110.421875,FD002-255,-11.578125,low,low,True,normal monitoring
FD001,26,76,119,110.45514,FD001-26,-8.54486083984375,low,low,True,normal monitoring
FD003,28,70,144,110.470665,FD003-28,-33.529335021972656,low,low,True,normal monitoring
FD004,152,195,88,110.86299,FD004-152,22.862991333007812,low,medium,False,normal monitoring
FD002,246,80,152,111.21188,FD002-246,-40.788116455078125,low,low,True,normal monitoring
FD001,59,94,114,111.26776,FD001-59,-2.73223876953125,low,low,True,normal monitoring
FD002,77,67,94,111.327324,FD002-77,17.32732391357422,low,low,True,normal monitoring
FD002,106,72,120,111.43101,FD002-106,-8.568992614746094,low,low,True,normal monitoring
FD004,7,54,94,111.47118,FD004-7,17.47118377685547,low,low,True,normal monitoring
FD004,4,208,75,111.48152,FD004-4,36.48152160644531,low,medium,False,normal monitoring
FD004,16,240,160,111.52655,FD004-16,-48.47344970703125,low,low,True,normal monitoring
FD004,115,82,139,111.58409,FD004-115,-27.415908813476562,low,low,True,normal monitoring
FD002,214,75,172,111.6109,FD002-214,-60.38909912109375,low,low,True,normal monitoring
FD002,125,79,179,111.626434,FD002-125,-67.37356567382812,low,low,True,normal monitoring
FD004,211,206,108,111.76556,FD004-211,3.7655563354492188,low,low,True,normal monitoring
FD004,165,178,111,111.79631,FD004-165,0.7963104248046875,low,low,True,normal monitoring
FD003,22,119,119,111.896286,FD003-22,-7.1037139892578125,low,low,True,normal monitoring
FD001,55,113,137,111.98,FD001-55,-25.019996643066406,low,low,True,normal monitoring
FD002,12,74,73,112.17131,FD002-12,39.17131042480469,low,medium,False,normal monitoring
FD002,175,83,142,112.81119,FD002-175,-29.188812255859375,low,low,True,normal monitoring
FD004,128,139,126,112.89577,FD004-128,-13.104232788085938,low,low,True,normal monitoring
FD002,2,55,79,113.027756,FD002-2,34.02775573730469,low,medium,False,normal monitoring
FD004,188,157,135,113.104744,FD004-188,-21.89525604248047,low,low,True,normal monitoring
FD004,57,121,97,113.12142,FD004-57,16.121421813964844,low,low,True,normal monitoring
FD002,200,60,174,113.19818,FD002-200,-60.80181884765625,low,low,True,normal monitoring
FD002,121,59,67,113.28515,FD002-121,46.28514862060547,low,medium,False,normal monitoring
FD004,167,99,109,113.34437,FD004-167,4.344367980957031,low,low,True,normal monitoring
FD004,63,158,184,113.34449,FD004-63,-70.65550994873047,low,low,True,normal monitoring
FD004,83,274,172,113.426704,FD004-83,-58.57329559326172,low,low,True,normal monitoring
FD004,97,51,105,113.64134,FD004-97,8.641342163085938,low,low,True,normal monitoring
FD002,215,71,101,113.67093,FD002-215,12.670928955078125,low,low,True,normal monitoring
FD003,13,65,115,113.67721,FD003-13,-1.3227920532226562,low,low,True,normal monitoring
FD004,182,98,116,113.79266,FD004-182,-2.20733642578125,low,low,True,normal monitoring
FD002,199,117,103,113.940865,FD002-199,10.940864562988281,low,low,True,normal monitoring
FD001,83,73,137,113.97857,FD001-83,-23.02143096923828,low,low,True,normal monitoring
FD002,167,78,96,114.14103,FD002-167,18.141029357910156,low,low,True,normal monitoring
FD002,26,76,163,114.200195,FD002-26,-48.7998046875,low,low,True,normal monitoring
FD004,196,70,89,114.28247,FD004-196,25.282470703125,low,medium,False,normal monitoring
FD002,131,73,120,114.41884,FD002-131,-5.5811614990234375,low,low,True,normal monitoring
FD001,23,130,113,114.48969,FD001-23,1.4896926879882812,low,low,True,normal monitoring
FD003,95,213,127,114.77116,FD003-95,-12.228843688964844,low,low,True,normal monitoring
FD003,15,112,108,114.802155,FD003-15,6.802154541015625,low,low,True,normal monitoring
FD002,155,72,108,114.88958,FD002-155,6.889579772949219,low,low,True,normal monitoring
FD003,19,115,85,114.987076,FD003-19,29.987075805664062,low,medium,False,normal monitoring
FD004,41,414,97,115.27945,FD004-41,18.279449462890625,low,low,True,normal monitoring
FD001,96,97,137,115.31508,FD001-96,-21.684921264648438,low,low,True,normal monitoring
FD003,43,133,128,115.42418,FD003-43,-12.575820922851562,low,low,True,normal monitoring
FD002,31,123,75,115.435165,FD002-31,40.43516540527344,low,medium,False,normal monitoring
FD002,174,51,95,115.53779,FD002-174,20.53778839111328,low,low,True,normal monitoring
FD004,122,117,192,115.62488,FD004-122,-76.3751220703125,low,low,True,normal monitoring
FD003,27,104,88,115.62801,FD003-27,27.628013610839844,low,medium,False,normal monitoring
FD004,189,107,56,115.693794,FD004-189,59.69379425048828,low,high,False,normal monitoring
FD002,6,63,155,115.78697,FD002-6,-39.21302795410156,low,low,True,normal monitoring
FD004,30,229,118,115.920685,FD004-30,-2.079315185546875,low,low,True,normal monitoring
FD002,178,54,144,116.15384,FD002-178,-27.846160888671875,low,low,True,normal monitoring
FD002,243,40,161,116.25114,FD002-243,-44.748863220214844,low,low,True,normal monitoring
FD002,117,55,181,116.32284,FD002-117,-64.67716217041016,low,low,True,normal monitoring
FD002,27,68,126,116.43439,FD002-27,-9.56561279296875,low,low,True,normal monitoring
FD002,81,76,141,116.47238,FD002-81,-24.527618408203125,low,low,True,normal monitoring
FD004,85,174,115,116.58823,FD004-85,1.588226318359375,low,low,True,normal monitoring
FD002,217,49,86,116.90993,FD002-217,30.909927368164062,low,medium,False,normal monitoring
FD004,93,200,154,116.91915,FD004-93,-37.080848693847656,low,low,True,normal monitoring
FD001,89,177,136,116.99475,FD001-89,-19.0052490234375,low,low,True,normal monitoring
FD002,105,61,116,117.1765,FD002-105,1.1764984130859375,low,low,True,normal monitoring
FD002,228,44,126,117.23023,FD002-228,-8.769767761230469,low,low,True,normal monitoring
FD004,136,56,122,117.32852,FD004-136,-4.671478271484375,low,low,True,normal monitoring
FD002,123,61,180,117.43812,FD002-123,-62.56188201904297,low,low,True,normal monitoring
FD001,65,71,128,117.44405,FD001-65,-10.555946350097656,low,low,True,normal monitoring
FD004,34,361,126,117.492615,FD004-34,-8.50738525390625,low,low,True,normal monitoring
FD002,256,59,191,117.52586,FD002-256,-73.47413635253906,low,low,True,normal monitoring
FD004,139,88,173,117.5635,FD004-139,-55.436500549316406,low,low,True,normal monitoring
FD002,154,58,103,117.64434,FD002-154,14.644340515136719,low,low,True,normal monitoring
FD001,69,54,121,117.6636,FD001-69,-3.3364028930664062,low,low,True,normal monitoring
FD002,149,70,165,117.66792,FD002-149,-47.33207702636719,low,low,True,normal monitoring
FD001,54,121,97,117.70938,FD001-54,20.709381103515625,low,low,True,normal monitoring
FD003,83,168,145,117.720146,FD003-83,-27.27985382080078,low,low,True,normal monitoring
FD002,251,64,84,117.73199,FD002-251,33.73198699951172,low,medium,False,normal monitoring
FD002,56,73,152,117.73334,FD002-56,-34.26666259765625,low,low,True,normal monitoring
FD003,4,68,120,117.8614,FD003-4,-2.1386032104492188,low,low,True,normal monitoring
FD004,157,138,172,117.884895,FD004-157,-54.11510467529297,low,low,True,normal monitoring
FD004,127,98,195,117.9441,FD004-127,-77.05590057373047,low,low,True,normal monitoring
FD002,57,76,123,118.04274,FD002-57,-4.9572601318359375,low,low,True,normal monitoring
FD003,52,38,120,118.057915,FD003-52,-1.9420852661132812,low,low,True,normal monitoring
FD002,184,64,191,118.12719,FD002-184,-72.87281036376953,low,low,True,normal monitoring
FD004,51,137,119,118.209076,FD004-51,-0.790924072265625,low,low,True,normal monitoring
FD002,221,55,139,118.25963,FD002-221,-20.740371704101562,low,low,True,normal monitoring
FD004,5,51,149,118.44673,FD004-5,-30.553268432617188,low,low,True,normal monitoring
FD001,44,54,109,118.47983,FD001-44,9.479827880859375,low,low,True,normal monitoring
FD004,243,199,118,118.5317,FD004-243,0.5317001342773438,low,low,True,normal monitoring
FD004,129,315,120,118.57565,FD004-129,-1.424346923828125,low,low,True,normal monitoring
FD002,220,54,121,118.598976,FD002-220,-2.4010238647460938,low,low,True,normal monitoring
FD004,55,103,157,118.613785,FD004-55,-38.38621520996094,low,low,True,normal monitoring
FD002,37,49,151,118.62357,FD002-37,-32.376426696777344,low,low,True,normal monitoring
FD002,240,50,121,118.7765,FD002-240,-2.2235031127929688,low,low,True,normal monitoring
FD004,72,118,176,118.79819,FD004-72,-57.201812744140625,low,low,True,normal monitoring
FD003,54,50,87,118.80459,FD003-54,31.804588317871094,low,medium,False,normal monitoring
FD002,205,31,134,118.83662,FD002-205,-15.163383483886719,low,low,True,normal monitoring
FD004,33,107,147,118.85398,FD004-33,-28.146018981933594,low,low,True,normal monitoring
FD004,98,82,113,118.855,FD004-98,5.855003356933594,low,low,True,normal monitoring
FD002,69,158,115,118.93131,FD002-69,3.9313125610351562,low,low,True,normal monitoring
FD001,99,97,117,119.02131,FD001-99,2.0213088989257812,low,low,True,normal monitoring
FD004,146,84,100,119.061806,FD004-146,19.061805725097656,low,low,True,normal monitoring
FD001,47,73,135,119.069496,FD001-47,-15.930503845214844,low,low,True,normal monitoring
FD004,81,60,96,119.137215,FD004-81,23.13721466064453,low,low,True,normal monitoring
FD002,194,50,122,119.144714,FD002-194,-2.85528564453125,low,low,True,normal monitoring
FD004,218,63,154,119.14609,FD004-218,-34.853912353515625,low,low,True,normal monitoring
FD004,195,186,166,119.19626,FD004-195,-46.803741455078125,low,low,True,normal monitoring
FD004,84,88,166,119.25436,FD004-84,-46.745643615722656,low,low,True,normal monitoring
FD001,9,55,111,119.61708,FD001-9,8.617080688476562,low,low,True,normal monitoring
FD002,66,63,121,119.67209,FD002-66,-1.327911376953125,low,low,True,normal monitoring
FD004,226,59,88,119.8028,FD004-226,31.80280303955078,low,medium,False,normal monitoring
FD001,14,46,107,119.881805,FD001-14,12.881805419921875,low,low,True,normal monitoring
FD001,39,37,142,119.94291,FD001-39,-22.057090759277344,low,low,True,normal monitoring
FD003,36,90,137,119.96672,FD003-36,-17.033279418945312,low,low,True,normal monitoring
FD004,46,37,134,120.00982,FD004-46,-13.990180969238281,low,low,True,normal monitoring
FD003,6,64,99,120.091675,FD003-6,21.0916748046875,low,low,True,normal monitoring
FD004,94,105,129,120.20505,FD004-94,-8.794952392578125,low,low,True,normal monitoring
FD004,53,67,142,120.363434,FD004-53,-21.636566162109375,low,low,True,normal monitoring
FD002,244,49,181,120.44414,FD002-244,-60.55586242675781,low,low,True,normal monitoring
FD004,166,63,72,120.512474,FD004-166,48.512474060058594,low,medium,False,normal monitoring
FD002,197,59,132,120.53307,FD002-197,-11.466926574707031,low,low,True,normal monitoring
FD004,215,72,145,120.5464,FD004-215,-24.453598022460938,low,low,True,normal monitoring
FD003,49,211,135,120.69216,FD003-49,-14.307838439941406,low,low,True,normal monitoring
FD002,89,59,97,120.93255,FD002-89,23.93254852294922,low,low,True,normal monitoring
FD003,17,230,136,120.9858,FD003-17,-15.014198303222656,low,low,True,normal monitoring
FD004,59,37,154,121.10964,FD004-59,-32.890357971191406,low,low,True,normal monitoring
FD002,59,22,178,121.20578,FD002-59,-56.794219970703125,low,low,True,normal monitoring
FD002,113,45,151,121.2149,FD002-113,-29.78510284423828,low,low,True,normal monitoring
FD004,11,82,143,121.23211,FD004-11,-21.76789093017578,low,low,True,normal monitoring
FD002,23,49,142,121.2747,FD002-23,-20.725303649902344,low,low,True,normal monitoring
FD002,51,37,98,121.35353,FD002-51,23.353530883789062,low,low,True,normal monitoring
FD004,220,65,182,121.39027,FD004-220,-60.60973358154297,low,low,True,normal monitoring
FD002,204,41,121,121.59125,FD002-204,0.59124755859375,low,low,True,normal monitoring
FD001,87,56,116,121.67421,FD001-87,5.6742095947265625,low,low,True,normal monitoring
FD003,45,88,111,121.864914,FD003-45,10.864913940429688,low,low,True,normal monitoring
FD004,104,65,120,122.016045,FD004-104,2.0160446166992188,low,low,True,normal monitoring
FD004,169,34,179,122.022545,FD004-169,-56.977455139160156,low,low,True,normal monitoring
FD002,165,35,155,122.11674,FD002-165,-32.883262634277344,low,low,True,normal monitoring
FD002,122,29,145,122.16268,FD002-122,-22.837318420410156,low,low,True,normal monitoring
FD002,241,44,167,122.28839,FD002-241,-44.71160888671875,low,low,True,normal monitoring
FD004,204,19,151,122.32381,FD004-204,-28.676193237304688,low,low,True,normal monitoring
FD001,25,48,145,122.35115,FD001-25,-22.648849487304688,low,low,True,normal monitoring
FD004,156,28,133,122.40953,FD004-156,-10.590469360351562,low,low,True,normal monitoring
FD001,1,31,112,122.53528,FD001-1,10.5352783203125,low,low,True,normal monitoring
FD002,18,40,99,122.570854,FD002-18,23.57085418701172,low,low,True,normal monitoring
FD002,135,120,167,122.596504,FD002-135,-44.40349578857422,low,low,True,normal monitoring
FD001,2,49,98,122.597404,FD001-2,24.59740447998047,low,low,True,normal monitoring
FD003,63,137,117,122.61822,FD003-63,5.618217468261719,low,low,True,normal monitoring
FD001,88,68,115,122.65429,FD001-88,7.654289245605469,low,low,True,normal monitoring
FD003,65,79,115,122.700386,FD003-65,7.700386047363281,low,low,True,normal monitoring
FD002,28,23,138,122.74523,FD002-28,-15.254768371582031,low,low,True,normal monitoring
FD004,241,42,176,122.76094,FD004-241,-53.23905944824219,low,low,True,normal monitoring
FD003,47,56,137,122.78987,FD003-47,-14.210128784179688,low,low,True,normal monitoring
FD002,224,43,145,122.94337,FD002-224,-22.05663299560547,low,low,True,normal monitoring
FD004,186,47,142,123.153336,FD004-186,-18.846664428710938,low,low,True,normal monitoring
FD004,191,71,178,123.19885,FD004-191,-54.8011474609375,low,low,True,normal monitoring
FD004,141,19,130,123.25126,FD004-141,-6.748741149902344,low,low,True,normal monitoring
FD004,227,62,162,123.353004,FD004-227,-38.646995544433594,low,low,True,normal monitoring
FD002,34,52,173,123.40002,FD002-34,-49.59998321533203,low,low,True,normal monitoring
FD003,80,85,133,123.40552,FD003-80,-9.594482421875,low,low,True,normal monitoring
FD004,225,39,145,123.481575,FD004-225,-21.51842498779297,low,low,True,normal monitoring
FD003,97,95,123,123.603485,FD003-97,0.603485107421875,low,low,True,normal monitoring
FD004,228,126,189,123.73564,FD004-228,-65.26435852050781,low,low,True,normal monitoring
FD003,88,41,144,123.92399,FD003-88,-20.076011657714844,low,low,True,normal monitoring
FD004,245,63,131,124.01007,FD004-245,-6.98992919921875,low,low,True,normal monitoring
FD004,170,48,158,124.03114,FD004-170,-33.96885681152344,low,low,True,normal monitoring
FD003,91,56,81,124.12283,FD003-91,43.122833251953125,low,medium,False,normal monitoring
FD002,71,65,148,124.22112,FD002-71,-23.77887725830078,low,low,True,normal monitoring
FD003,61,78,129,124.25367,FD003-61,-4.746330261230469,low,low,True,normal monitoring
FD004,52,58,151,124.266174,FD004-52,-26.73382568359375,low,low,True,normal monitoring
FD004,144,34,162,124.41863,FD004-144,-37.58136749267578,low,low,True,normal monitoring
FD003,74,68,117,124.50685,FD003-74,7.5068511962890625,low,low,True,normal monitoring
FD002,233,40,153,124.546776,FD002-233,-28.453224182128906,low,low,True,normal monitoring
FD002,201,25,111,124.75084,FD002-201,13.750839233398438,low,low,True,normal monitoring
FD004,28,20,124,124.775505,FD004-28,0.7755050659179688,low,low,True,normal monitoring
FD003,37,47,145,124.806885,FD003-37,-20.193115234375,low,low,True,normal monitoring
FD002,83,21,146,124.8522,FD002-83,-21.147796630859375,low,low,True,normal monitoring
FD002,249,36,111,124.869194,FD002-249,13.869194030761719,low,low,True,normal monitoring
FD004,142,69,108,124.97353,FD004-142,16.973533630371094,low,low,True,normal monitoring
FD004,109,66,126,125.06489,FD004-109,-0.9351119995117188,low,low,True,normal monitoring
FD002,218,33,165,125.40266,FD002-218,-39.59734344482422,low,low,True,normal monitoring
FD004,10,23,162,125.407295,FD004-10,-36.59270477294922,low,low,True,normal monitoring
FD004,133,74,126,125.50676,FD004-133,-0.4932403564453125,low,low,True,normal monitoring
FD001,22,39,111,125.54584,FD001-22,14.54583740234375,low,low,True,normal monitoring
FD001,85,34,118,125.671394,FD001-85,7.671394348144531,low,low,True,normal monitoring
FD004,203,87,167,125.75123,FD004-203,-41.24877166748047,low,low,True,normal monitoring
FD001,78,72,107,125.7847,FD001-78,18.784698486328125,low,low,True,normal monitoring
FD004,229,20,120,125.84211,FD004-229,5.842109680175781,low,low,True,normal monitoring
FD002,223,29,151,125.94822,FD002-223,-25.051780700683594,low,low,True,normal monitoring
FD001,33,50,106,126.47576,FD001-33,20.47576141357422,low,low,True,normal monitoring
FD004,239,28,166,126.63933,FD004-239,-39.36067199707031,low,low,True,normal monitoring
FD004,19,24,194,126.781746,FD004-19,-67.21825408935547,low,low,True,normal monitoring
FD004,164,29,174,127.112946,FD004-164,-46.887054443359375,low,low,True,normal monitoring
FD004,76,48,163,127.32132,FD004-76,-35.678680419921875,low,low,True,normal monitoring
FD004,232,370,184,127.399315,FD004-232,-56.600685119628906,low,low,True,normal monitoring
FD002,101,38,106,127.51243,FD002-101,21.512428283691406,low,low,True,normal monitoring
FD004,246,29,194,127.87869,FD004-246,-66.12130737304688,low,low,True,normal monitoring
FD004,125,21,184,128.64368,FD004-125,-55.3563232421875,low,low,True,normal monitoring
